[{"id":1,"first_name":"Sula","last_name":"Kowal","email":"skowal0@github.io","gender":"Male"},
{"id":2,"first_name":"Sandy","last_name":"McKelvey","email":"smckelvey1@census.gov","gender":"Male"},
{"id":3,"first_name":"Vachel","last_name":"Tampin","email":"vtampin2@naver.com","gender":"Polygender"},
{"id":4,"first_name":"Tansy","last_name":"Martusov","email":"tmartusov3@edublogs.org","gender":"Non-binary"},
{"id":5,"first_name":"Odilia","last_name":"Jozwiak","email":"ojozwiak4@behance.net","gender":"Bigender"},
{"id":6,"first_name":"Osmund","last_name":"Lensch","email":"olensch5@elpais.com","gender":"Male"},
{"id":7,"first_name":"Hagan","last_name":"Le land","email":"hleland6@google.com.br","gender":"Bigender"},
{"id":8,"first_name":"Lela","last_name":"Northway","email":"lnorthway7@engadget.com","gender":"Genderqueer"},
{"id":9,"first_name":"Francis","last_name":"Dashkovich","email":"fdashkovich8@sfgate.com","gender":"Female"},
{"id":10,"first_name":"Geri","last_name":"Romao","email":"gromao9@delicious.com","gender":"Genderqueer"},
{"id":11,"first_name":"Myles","last_name":"MacVicar","email":"mmacvicara@indiegogo.com","gender":"Male"},
{"id":12,"first_name":"Sella","last_name":"Eastbrook","email":"seastbrookb@pbs.org","gender":"Polygender"},
{"id":13,"first_name":"Giovanna","last_name":"Farady","email":"gfaradyc@ebay.co.uk","gender":"Agender"},
{"id":14,"first_name":"Danica","last_name":"Novichenko","email":"dnovichenkod@behance.net","gender":"Agender"},
{"id":15,"first_name":"Bebe","last_name":"Halfhide","email":"bhalfhidee@adobe.com","gender":"Agender"},
{"id":16,"first_name":"Dianna","last_name":"Rosenzveig","email":"drosenzveigf@si.edu","gender":"Genderqueer"},
{"id":17,"first_name":"Sammy","last_name":"Curdell","email":"scurdellg@salon.com","gender":"Male"},
{"id":18,"first_name":"Darci","last_name":"Costard","email":"dcostardh@google.co.uk","gender":"Agender"},
{"id":19,"first_name":"Emmie","last_name":"Arrell","email":"earrelli@liveinternet.ru","gender":"Female"},
{"id":20,"first_name":"Ines","last_name":"Darragon","email":"idarragonj@google.cn","gender":"Male"},
{"id":21,"first_name":"Dyanne","last_name":"Pudsey","email":"dpudseyk@zdnet.com","gender":"Agender"},
{"id":22,"first_name":"Wally","last_name":"Pragnall","email":"wpragnalll@lycos.com","gender":"Agender"},
{"id":23,"first_name":"Elmer","last_name":"Josling","email":"ejoslingm@cpanel.net","gender":"Agender"},
{"id":24,"first_name":"Virgilio","last_name":"Pacquet","email":"vpacquetn@meetup.com","gender":"Non-binary"},
{"id":25,"first_name":"Brant","last_name":"Kurten","email":"bkurteno@arizona.edu","gender":"Polygender"},
{"id":26,"first_name":"Carrie","last_name":"Formoy","email":"cformoyp@omniture.com","gender":"Agender"},
{"id":27,"first_name":"Idalia","last_name":"Obey","email":"iobeyq@paginegialle.it","gender":"Non-binary"},
{"id":28,"first_name":"Ginevra","last_name":"Mudie","email":"gmudier@tmall.com","gender":"Non-binary"},
{"id":29,"first_name":"Benny","last_name":"Badsey","email":"bbadseys@desdev.cn","gender":"Genderqueer"},
{"id":30,"first_name":"Talya","last_name":"Antonat","email":"tantonatt@princeton.edu","gender":"Genderfluid"},
{"id":31,"first_name":"Chad","last_name":"Snookes","email":"csnookesu@photobucket.com","gender":"Male"},
{"id":32,"first_name":"Frederik","last_name":"Lyptrade","email":"flyptradev@g.co","gender":"Polygender"},
{"id":33,"first_name":"Tish","last_name":"Kunert","email":"tkunertw@example.com","gender":"Genderfluid"},
{"id":34,"first_name":"Merralee","last_name":"Garatty","email":"mgarattyx@nih.gov","gender":"Female"},
{"id":35,"first_name":"Gregg","last_name":"Barcroft","email":"gbarcrofty@ustream.tv","gender":"Polygender"},
{"id":36,"first_name":"Sarah","last_name":"Falla","email":"sfallaz@mac.com","gender":"Agender"},
{"id":37,"first_name":"Udall","last_name":"Halfacre","email":"uhalfacre10@biblegateway.com","gender":"Genderqueer"},
{"id":38,"first_name":"Helenelizabeth","last_name":"Heyward","email":"hheyward11@yale.edu","gender":"Bigender"},
{"id":39,"first_name":"Traver","last_name":"Fitzhenry","email":"tfitzhenry12@360.cn","gender":"Genderqueer"},
{"id":40,"first_name":"Delmor","last_name":"Hallard","email":"dhallard13@usnews.com","gender":"Male"},
{"id":41,"first_name":"Trace","last_name":"Swallow","email":"tswallow14@google.com.au","gender":"Polygender"},
{"id":42,"first_name":"Leila","last_name":"Griswood","email":"lgriswood15@nsw.gov.au","gender":"Male"},
{"id":43,"first_name":"Woodie","last_name":"Morriarty","email":"wmorriarty16@princeton.edu","gender":"Bigender"},
{"id":44,"first_name":"Gustave","last_name":"Ranscomb","email":"granscomb17@wp.com","gender":"Female"},
{"id":45,"first_name":"Shawn","last_name":"Alliberton","email":"salliberton18@google.ca","gender":"Female"},
{"id":46,"first_name":"Storm","last_name":"Coy","email":"scoy19@livejournal.com","gender":"Agender"},
{"id":47,"first_name":"Tabbi","last_name":"Lie","email":"tlie1a@google.com.hk","gender":"Non-binary"},
{"id":48,"first_name":"Kellen","last_name":"Pleven","email":"kpleven1b@geocities.com","gender":"Agender"},
{"id":49,"first_name":"Marijn","last_name":"Truggian","email":"mtruggian1c@yellowbook.com","gender":"Polygender"},
{"id":50,"first_name":"Pansy","last_name":"Raine","email":"praine1d@si.edu","gender":"Non-binary"}]