[{"id":1,"first_name":"Crystie","last_name":"Lehrian","email":"clehrian0@nasa.gov","gender":"Female"},
{"id":2,"first_name":"Pierre","last_name":"Grogan","email":"pgrogan1@techcrunch.com","gender":"Male"},
{"id":3,"first_name":"Jeffry","last_name":"Stihl","email":"jstihl2@time.com","gender":"Male"},
{"id":4,"first_name":"Upton","last_name":"Iacovo","email":"uiacovo3@google.pl","gender":"Male"},
{"id":5,"first_name":"Josie","last_name":"Timson","email":"jtimson4@printfriendly.com","gender":"Female"},
{"id":6,"first_name":"Titos","last_name":"Kike","email":"tkike5@ed.gov","gender":"Male"},
{"id":7,"first_name":"Clarence","last_name":"Ismead","email":"cismead6@goo.gl","gender":"Male"},
{"id":8,"first_name":"Antoinette","last_name":"Iacovucci","email":"aiacovucci7@ebay.com","gender":"Female"},
{"id":9,"first_name":"Conchita","last_name":"Hovee","email":"chovee8@hp.com","gender":"Female"},
{"id":10,"first_name":"Roxana","last_name":"Heckle","email":"rheckle9@fotki.com","gender":"Female"},
{"id":11,"first_name":"Norean","last_name":"Revitt","email":"nrevitta@nymag.com","gender":"Female"},
{"id":12,"first_name":"Carly","last_name":"Scherer","email":"cschererb@storify.com","gender":"Female"},
{"id":13,"first_name":"Carine","last_name":"Rohan","email":"crohanc@soup.io","gender":"Female"},
{"id":14,"first_name":"Steffane","last_name":"Hackley","email":"shackleyd@ucsd.edu","gender":"Female"},
{"id":15,"first_name":"Bernardine","last_name":"Gellan","email":"bgellane@salon.com","gender":"Female"},
{"id":16,"first_name":"Margarette","last_name":"Kippin","email":"mkippinf@jugem.jp","gender":"Female"},
{"id":17,"first_name":"Helena","last_name":"Camacho","email":"hcamachog@google.es","gender":"Female"},
{"id":18,"first_name":"Isaak","last_name":"Dightham","email":"idighthamh@webmd.com","gender":"Male"},
{"id":19,"first_name":"Ronny","last_name":"Whitnall","email":"rwhitnalli@weebly.com","gender":"Male"},
{"id":20,"first_name":"Lutero","last_name":"Carlino","email":"lcarlinoj@constantcontact.com","gender":"Male"},
{"id":21,"first_name":"Leah","last_name":"Wardrope","email":"lwardropek@vistaprint.com","gender":"Female"},
{"id":22,"first_name":"Marjory","last_name":"Midner","email":"mmidnerl@canalblog.com","gender":"Female"},
{"id":23,"first_name":"Phaedra","last_name":"Leonards","email":"pleonardsm@ovh.net","gender":"Female"},
{"id":24,"first_name":"Allyn","last_name":"Easdon","email":"aeasdonn@webmd.com","gender":"Female"},
{"id":25,"first_name":"Bethina","last_name":"Paulsson","email":"bpaulssono@nps.gov","gender":"Female"},
{"id":26,"first_name":"Claresta","last_name":"Matelaitis","email":"cmatelaitisp@desdev.cn","gender":"Female"},
{"id":27,"first_name":"Celisse","last_name":"Confait","email":"cconfaitq@oaic.gov.au","gender":"Female"},
{"id":28,"first_name":"Maurice","last_name":"Ericsson","email":"mericssonr@ehow.com","gender":"Male"},
{"id":29,"first_name":"Paulita","last_name":"Bondesen","email":"pbondesens@senate.gov","gender":"Female"},
{"id":30,"first_name":"Uriel","last_name":"Gookes","email":"ugookest@bloglovin.com","gender":"Male"},
{"id":31,"first_name":"Augustin","last_name":"Mottram","email":"amottramu@mapy.cz","gender":"Male"},
{"id":32,"first_name":"Nettle","last_name":"Gowrie","email":"ngowriev@earthlink.net","gender":"Female"},
{"id":33,"first_name":"Sharl","last_name":"Flawith","email":"sflawithw@ycombinator.com","gender":"Female"},
{"id":34,"first_name":"Neron","last_name":"Karlsson","email":"nkarlssonx@histats.com","gender":"Male"},
{"id":35,"first_name":"Jeramey","last_name":"Coffin","email":"jcoffiny@wiley.com","gender":"Male"},
{"id":36,"first_name":"Nero","last_name":"Carrabott","email":"ncarrabottz@comsenz.com","gender":"Male"},
{"id":37,"first_name":"Georgianne","last_name":"Breissan","email":"gbreissan10@disqus.com","gender":"Female"},
{"id":38,"first_name":"Any","last_name":"Bingley","email":"abingley11@state.gov","gender":"Male"},
{"id":39,"first_name":"Erny","last_name":"Owbrick","email":"eowbrick12@indiatimes.com","gender":"Male"},
{"id":40,"first_name":"Miof mela","last_name":"Gemlbett","email":"mgemlbett13@photobucket.com","gender":"Female"},
{"id":41,"first_name":"Darrell","last_name":"MacGahey","email":"dmacgahey14@house.gov","gender":"Male"},
{"id":42,"first_name":"Yehudit","last_name":"Bickerstasse","email":"ybickerstasse15@mail.ru","gender":"Male"},
{"id":43,"first_name":"Perry","last_name":"Dibben","email":"pdibben16@ed.gov","gender":"Female"},
{"id":44,"first_name":"Garrott","last_name":"Dowse","email":"gdowse17@irs.gov","gender":"Male"},
{"id":45,"first_name":"Lorne","last_name":"Spear","email":"lspear18@mediafire.com","gender":"Female"},
{"id":46,"first_name":"Budd","last_name":"McQuillan","email":"bmcquillan19@google.com.au","gender":"Male"},
{"id":47,"first_name":"Ephraim","last_name":"Tombleson","email":"etombleson1a@yelp.com","gender":"Male"},
{"id":48,"first_name":"Geraldine","last_name":"Dellit","email":"gdellit1b@cnbc.com","gender":"Female"},
{"id":49,"first_name":"Elroy","last_name":"Crispe","email":"ecrispe1c@hao123.com","gender":"Male"},
{"id":50,"first_name":"Nickolas","last_name":"Burke","email":"nburke1d@hp.com","gender":"Male"}]